BeatStart,BeatEnd,OsFreq,BeatStartFBD,BeatEndFBD,AvgDepth,AvgPitch,AvgSpeeds,MaxOrNormal,Eff,Thrust,DragCoeff,Reynolds,TotLength,WettedSurfArea,FlukeArea,Species,DeployID
126,165,0.256410256410256,3111,3150,5.22557425154277,-1.00131891724625,2.58592703450571,Routine,0.838773232855754,42346.4747353836,0.0320499212020142,55855033.1686818,22.55,152.8169375,3.357,Blue,bw170815-21
238,294,0.178571428571429,3223,3279,10.7789167747508,-24.1629960202559,2.56161432856109,Routine,0.888741974767645,18848.005999,0.0146751545424938,55329888.0354911,22.55,152.8169375,3.357,Blue,bw170815-21
294,354,0.166666666666667,3279,3339,17.4458392659547,-31.9607871800144,2.7979016380379,Routine,0.911206198498196,16449.6310998427,0.0098291811456664,60433603.3886538,22.55,152.8169375,3.357,Blue,bw170815-21
600,654,0.185185185185185,3585,3639,61.2175788950794,-42.1354087079763,2.51767558190243,Routine,0.880716160862501,20367.2656739606,0.0167029018281709,54380827.9424326,22.55,152.8169375,3.357,Blue,bw170815-21
654,700,0.217391304347826,3639,3685,68.9500306556225,-37.928588090209,2.7733782401732,Routine,0.87209789882747,31453.3116950182,0.0192973454335677,59903907.3907142,22.55,152.8169375,3.357,Blue,bw170815-21
700,786,0.116279069767442,3685,3771,76.8279128033777,-30.5122985232915,2.77589547203617,Routine,0.955973831689502,5930.48345964912,0.00362860151177567,59958278.6344977,22.55,152.8169375,3.357,Blue,bw170815-21
1103,1151,0.208333333333333,4088,4136,94.4411185960078,-14.6516892257437,2.55155698658749,Routine,0.866178942566726,26863.3851112785,0.0211642764052233,55112653.3022489,22.55,152.8169375,3.357,Blue,bw170815-21
1302,1343,0.24390243902439,4287,4328,106.055993945974,-31.6376706483849,2.79556217522809,Routine,0.856780708216077,40865.9837418386,0.0244800891117728,60383071.8883078,22.55,152.8169375,3.357,Blue,bw170815-21
1419,1463,0.227272727272727,4404,4448,119.19464369878,-24.7403726479581,2.96579568248251,Routine,0.875012652580112,36574.1693868123,0.0183488685620894,64060050.4214374,22.55,152.8169375,3.357,Blue,bw170815-21
2060,2137,0.12987012987013,5045,5122,112.721733192796,-17.468148975075,1.36923567523304,Routine,0.845900817810339,5712.17530703192,0.02912228266323,29574965.9736639,22.55,152.8169375,3.357,Blue,bw170815-21
2137,2190,0.188679245283019,5122,5175,114.6382372274,-14.5271285875687,1.88033291255141,Routine,0.838208384286746,16618.8447454617,0.0327156151557998,40614470.4770442,22.55,152.8169375,3.357,Blue,bw170815-21
2190,2243,0.188679245283019,5175,5228,115.10554397328,-7.79452632756047,2.5813630483673,Lunge-Associated,0.883166005746199,21454.9145924679,0.0163244300340033,55756452.8167459,22.55,152.8169375,3.357,Blue,bw170815-21
2243,2285,0.238095238095238,5228,5270,114.67488986723,5.23273195932486,3.41359294149378,Routine,0.888727723615654,44645.002687515,0.014689132948818,73732299.6462497,22.55,152.8169375,3.357,Blue,bw170815-21
2831,2910,0.126582278481013,5816,5895,91.9903371778572,21.7106442800271,1.26600806054068,Routine,0.838378578140024,5041.08524084925,0.0325142044546776,27345289.047119,22.55,152.8169375,3.357,Blue,bw170815-21
3015,3079,0.15625,6000,6064,80.1894304279713,15.3387618185907,1.51989413848975,Routine,0.834359094140633,9235.50642396204,0.0344254160743414,32829131.0564596,22.55,152.8169375,3.357,Blue,bw170815-21
3079,3132,0.188679245283019,6064,6117,75.2101550158082,17.734272987781,2.10469737746957,Routine,0.853344552433262,18458.5260074334,0.0259111412428342,45460656.95588,22.55,152.8169375,3.357,Blue,bw170815-21
4975,5041,0.151515151515152,7960,8026,13.0880684367589,-47.1262876768824,2.22922330227898,Routine,0.891504630306795,11740.2398829714,0.013869945417256,48150369.2206811,22.55,152.8169375,3.357,Blue,bw170815-21
5757,5817,0.166666666666667,8742,8802,128.852821089271,-12.7007612831009,2.85584635373977,Lunge-Associated,0.913834928959481,16596.7366421345,0.00932559801429552,61685187.0467738,22.55,152.8169375,3.357,Blue,bw170815-21
5817,5856,0.256410256410256,8802,8841,130.020954096989,16.3524106896459,3.69016009057779,Routine,0.888825176237093,56032.7445528636,0.0145936785536129,79706044.1020394,22.55,152.8169375,3.357,Blue,bw170815-21
6617,6677,0.166666666666667,9602,9662,141.3851294215,-15.9339755004958,1.45604812154626,Routine,0.81827424503315,10120.0096465137,0.0429054286243642,31450081.5525556,22.55,152.8169375,3.357,Blue,bw170815-21
6677,6731,0.185185185185185,9662,9716,142.892236474346,-7.40357279900833,1.99437880536206,Routine,0.84949111741533,16851.5510025678,0.0278019611547753,43077818.06601,22.55,152.8169375,3.357,Blue,bw170815-21
6731,6775,0.227272727272727,9716,9760,141.54902220152,4.66717951858192,2.91406158822933,Lunge-Associated,0.872264588084365,36172.3344218806,0.0191310524397773,62942613.8070607,22.55,152.8169375,3.357,Blue,bw170815-21
6775,6807,0.3125,9760,9792,139.120123881226,5.29194225774694,3.38090885562891,Routine,0.849691272215979,81451.6406968407,0.0275840449279678,73026335.9142069,22.55,152.8169375,3.357,Blue,bw170815-21
7594,7643,0.204081632653061,10579,10628,124.503702898226,-9.38580558285132,1.72789229105174,Routine,0.813894061563589,17997.4916365341,0.0456583783856812,37321811.4590199,22.55,152.8169375,3.357,Blue,bw170815-21
7643,7700,0.175438596491228,10628,10685,124.452286129222,-9.06847684754897,2.2348934774441,Routine,0.872049291254033,16500.7176495868,0.0193459852595491,48272842.8317667,22.55,152.8169375,3.357,Blue,bw170815-21
7921,7983,0.161290322580645,10906,10968,129.99043743117,-9.39782304760734,2.34895126645249,Routine,0.891254600903711,13978.0173659719,0.0141150382560333,50736447.3740457,22.55,152.8169375,3.357,Blue,bw170815-21
7983,8045,0.161290322580645,10968,11030,131.013798333367,-10.6574534000274,2.5774807110294,Routine,0.903787689730966,14700.1026532738,0.0112355050574746,55672595.8177327,22.55,152.8169375,3.357,Blue,bw170815-21
8045,8109,0.15625,11030,11094,131.970531194081,-9.59013941579977,2.62933652550017,Routine,0.911247440151903,13596.1903696826,0.00978897494716757,56792661.5421732,22.55,152.8169375,3.357,Blue,bw170815-21
8185,8229,0.227272727272727,11170,11214,133.232994788302,-7.8659041613507,2.8800177259929,Lunge-Associated,0.871874039310628,35632.7421475027,0.0195219082105131,62207279.4263793,22.55,152.8169375,3.357,Blue,bw170815-21
8229,8269,0.25,11214,11254,133.939527920223,-10.5929503929241,3.81206547326922,Lunge-Associated,0.896602217345102,53773.931407991,0.0127042560734471,82339153.6611311,22.55,152.8169375,3.357,Blue,bw170815-21
8597,8670,0.136986301369863,11582,11655,117.416871600599,44.133028393731,1.21459330193849,Routine,0.821718873039008,5678.04514305994,0.0414729281422162,26234749.960453,22.55,152.8169375,3.357,Blue,bw170815-21
8670,8746,0.131578947368421,11655,11731,110.979967151415,47.2975489551358,1.22429874450988,Routine,0.826894355768003,5305.71674186528,0.0378390610947965,26444383.8014347,22.55,152.8169375,3.357,Blue,bw170815-21
8746,8818,0.138888888888889,11731,11803,103.548093715971,48.3778911350282,1.21330979033825,Routine,0.818271351820937,5856.09418493315,0.0429093020652527,26207026.6016548,22.55,152.8169375,3.357,Blue,bw170815-21
8818,8887,0.144927536231884,11803,11872,95.9420130431089,49.1531249533492,1.234153765987,Routine,0.814221195270521,6493.27534630132,0.0452079178078385,26657248.4894702,22.55,152.8169375,3.357,Blue,bw170815-21
8887,8962,0.133333333333333,11872,11947,87.3348503729224,50.1458550697936,1.2519241871285,Routine,0.830062145897989,5535.74806857234,0.0369233188489045,27041082.7775361,22.55,152.8169375,3.357,Blue,bw170815-21
8962,9022,0.166666666666667,11947,12007,78.3873273909227,48.6446874079021,1.36101061036896,Routine,0.809054794803876,9433.96724332123,0.0489743109915229,29397307.7239655,22.55,152.8169375,3.357,Blue,bw170815-21
11513,11563,0.2,14498,14548,138.537846614926,-20.8681652069614,3.07889399425094,Lunge-Associated,0.898899697619522,27491.2671179727,0.0123273308438873,66502930.622949,22.55,152.8169375,3.357,Blue,bw170815-21
11563,11598,0.285714285714286,14548,14583,142.495985326692,-10.7701402153804,3.66317646074193,Routine,0.87226264495096,71861.7483901886,0.0191329864353083,79123208.0361403,22.55,152.8169375,3.357,Blue,bw170815-21
12375,12457,0.121951219512195,15360,15442,135.989205662146,-24.1063461365839,1.39208391569278,Routine,0.856615662378626,5081.67302943253,0.0246529545227532,30068479.2134792,22.55,152.8169375,3.357,Blue,bw170815-21
12457,12518,0.163934426229508,15442,15503,140.176070368315,-8.46145326186778,2.03445948184982,Routine,0.868924264490656,13166.786686964,0.0204640302269641,43943545.3215647,22.55,152.8169375,3.357,Blue,bw170815-21
12518,12588,0.142857142857143,15503,15573,140.49647040094,-6.42098373233375,2.43127529641044,Routine,0.913720695936177,10359.9438782246,0.00943438281272542,52514614.8793634,22.55,152.8169375,3.357,Blue,bw170815-21
12588,12635,0.212765957446809,15573,15620,141.404514036195,-13.4744735282174,2.76263133177772,Routine,0.874852696481299,29816.6026689416,0.0185075044626792,59671778.2869613,22.55,152.8169375,3.357,Blue,bw170815-21
12635,12672,0.27027027027027,15620,15657,144.12809292656,-11.5374526482966,3.23404442820883,Lunge-Associated,0.863059400462013,57548.1312597548,0.022266491114248,69854120.5518287,22.55,152.8169375,3.357,Blue,bw170815-21
12672,12719,0.212765957446809,15657,15704,144.511551874825,2.12039237323518,3.48407062049558,Routine,0.906340683600096,34312.9267032483,0.010618310433139,75254590.5097465,22.55,152.8169375,3.357,Blue,bw170815-21
13222,13304,0.121951219512195,16207,16289,123.146396551934,39.3595807782369,1.20673896915702,Routine,0.837869092532536,4446.95217927947,0.0331192848216734,26065099.3816962,22.55,152.8169375,3.357,Blue,bw170815-21
13396,13472,0.131578947368421,16381,16457,111.437126373057,30.2527823942269,1.2590247198938,Routine,0.831013088308052,5449.71507907026,0.0357379411386628,27194451.564756,22.55,152.8169375,3.357,Blue,bw170815-21
13472,13542,0.142857142857143,16457,16527,106.081787741362,27.386701215507,1.39490697633361,Routine,0.83454504314157,7092.62892411545,0.0342003069183455,30129456.2416887,22.55,152.8169375,3.357,Blue,bw170815-21
13542,13595,0.188679245283019,16527,16580,100.494099611054,27.7683194509463,1.77727935081302,Routine,0.830224399449477,15750.9041525987,0.036719512528598,38388553.0276183,22.55,152.8169375,3.357,Blue,bw170815-21
13595,13653,0.172413793103448,16580,16638,93.191107888229,34.3204694699061,2.39584088716464,Routine,0.883604027434444,16700.5669879087,0.0158933629983822,51749245.2160561,22.55,152.8169375,3.357,Blue,bw170815-21
13653,13711,0.172413793103448,16638,16696,82.8894999980633,41.2463202439574,2.74720563877943,Routine,0.903731954520037,17888.7464496556,0.0112918449063612,59338589.2284254,22.55,152.8169375,3.357,Blue,bw170815-21
15492,15558,0.151515151515152,18477,18543,12.1440834661021,-43.3673476756307,2.59036149653878,Routine,0.913797051858396,12432.9157374254,0.00936160614334527,55950815.8495685,22.55,152.8169375,3.357,Blue,bw170815-21
15558,15619,0.163934426229508,18543,18604,23.2269715434529,-53.6851163093233,2.64259385602481,Routine,0.906057694165876,15380.6491702264,0.010907919066271,57079014.8020684,22.55,152.8169375,3.357,Blue,bw170815-21
16316,16374,0.172413793103448,19301,19359,159.781556616785,-8.90535503701433,2.67829978918023,Routine,0.899090308555588,17818.2136415483,0.0121379432904779,57850249.2777914,22.55,152.8169375,3.357,Blue,bw170815-21
16374,16433,0.169491525423729,19359,19418,160.676133779122,3.10077067962048,2.74484540805288,Routine,0.906141513282196,17099.914751745,0.0108217819741562,59287609.1490348,22.55,152.8169375,3.357,Blue,bw170815-21
16433,16494,0.163934426229508,19418,19479,158.624064821488,8.9046481485008,2.92272580361443,Routine,0.921177161919143,15711.9249474424,0.00823613920116357,63129757.5397561,22.55,152.8169375,3.357,Blue,bw170815-21
16847,16892,0.222222222222222,19832,19877,153.142594342317,5.76957112443448,2.72208848913335,Lunge-Associated,0.866184599439814,32608.7499370653,0.0211585516916938,58796068.4194991,22.55,152.8169375,3.357,Blue,bw170815-21
16892,16929,0.27027027027027,19877,19914,152.546410597202,17.0588449824399,3.20203910435194,Routine,0.862685176464742,56821.6661488142,0.022651270878595,69162817.819096,22.55,152.8169375,3.357,Blue,bw170815-21
17640,17710,0.142857142857143,20625,20695,160.699613338956,-4.40485517413666,1.82488892629988,Routine,0.872141274343136,8940.70396278614,0.0192539975079113,39416901.6169179,22.55,152.8169375,3.357,Blue,bw170815-21
17710,17760,0.2,20695,20745,160.721241799248,14.2535514361131,2.61742271908993,Lunge-Associated,0.87510434538414,25016.2699058633,0.0182582628231068,56535327.8883887,22.55,152.8169375,3.357,Blue,bw170815-21
17760,17807,0.212765957446809,20745,20792,156.596373203729,37.0562385303313,3.32209726241749,Routine,0.901262435244019,33233.1329884938,0.0118629516169736,71756028.0340177,22.55,152.8169375,3.357,Blue,bw170815-21
18578,18648,0.142857142857143,21563,21633,142.225870857173,13.4429993594862,1.59940066165669,Routine,0.853498076444636,8049.34214396523,0.0257482120684946,34546441.4945962,22.55,152.8169375,3.357,Blue,bw170815-21
18648,18703,0.181818181818182,21633,21688,138.460731881962,19.9869336780245,2.18970815010325,Routine,0.863300488658774,17665.6139995865,0.0220205689570355,47296857.0735904,22.55,152.8169375,3.357,Blue,bw170815-21
18703,18755,0.192307692307692,21688,21740,132.758072761704,18.6758063933503,2.63562111273489,Routine,0.883215641531635,22767.6913411905,0.0162752836111604,56928406.2185553,22.55,152.8169375,3.357,Blue,bw170815-21
18755,18802,0.212765957446809,21740,21787,128.993565355839,9.72934347712648,2.95265807546882,Lunge-Associated,0.883567018851567,31331.7454504459,0.0159295541439692,63776283.1435076,22.55,152.8169375,3.357,Blue,bw170815-21
18802,18852,0.2,21787,21837,126.79933379289,8.8861725222522,3.57679977592643,Routine,0.921226016958792,28645.8825362272,0.00819288429292863,77257504.7386407,22.55,152.8169375,3.357,Blue,bw170815-21
19290,19364,0.135135135135135,22275,22349,96.1821026974523,42.0896042259066,1.2177038138988,Routine,0.822585544397972,5564.58727251377,0.0403335513311321,26301935.8270287,22.55,152.8169375,3.357,Blue,bw170815-21
19364,19439,0.133333333333333,22349,22424,90.2079681476153,42.8272593551122,1.2382807899216,Routine,0.826796893213968,5507.50494250168,0.0379626038131412,26746390.6252222,22.55,152.8169375,3.357,Blue,bw170815-21
19439,19523,0.119047619047619,22424,22508,82.8541286657417,39.9658653181716,1.37417788315129,Routine,0.859388842679753,4746.41305732361,0.0239384027966449,29681715.7711319,22.55,152.8169375,3.357,Blue,bw170815-21
19523,19588,0.153846153846154,22508,22573,75.4588382902666,38.6734997770434,1.42336047482729,Routine,0.826600239580077,8419.61816530921,0.0382125653756378,30744040.9074286,22.55,152.8169375,3.357,Blue,bw170815-21
21533,21596,0.158730158730159,24518,24581,13.6237825367221,-41.5850674159381,2.30047323016004,Routine,0.88900441548377,13413.0035484043,0.0144189286050927,49689340.3640889,22.55,152.8169375,3.357,Blue,bw170815-21
21913,21966,0.188679245283019,24898,24951,81.6832968336457,-43.2324445567612,2.70883435298104,Routine,0.88876306705873,22256.6194373256,0.0146544781670001,58509784.1568223,22.55,152.8169375,3.357,Blue,bw170815-21
22099,22146,0.212765957446809,25084,25131,107.472106386912,-14.2451399404224,2.71960697238922,Lunge-Associated,0.872161856773351,29560.8592661189,0.0192334467627702,58742468.6085986,22.55,152.8169375,3.357,Blue,bw170815-21
22146,22190,0.227272727272727,25131,25175,110.39493632827,13.8203948589653,3.35235600452364,Routine,0.891566610700448,39753.0413210928,0.0138095162810877,72409605.2701227,22.55,152.8169375,3.357,Blue,bw170815-21
22856,22948,0.108695652173913,25841,25933,118.431525903336,1.52807840006562,1.38565220445213,Routine,0.872073048194161,3927.904093824,0.0193222042131166,29929556.7149383,22.55,152.8169375,3.357,Blue,bw170815-21
22948,22996,0.208333333333333,25933,25981,118.188393047857,4.52348400994638,1.94449755041368,Routine,0.827054109333538,21143.6137135145,0.0376370449978526,42000402.0707169,22.55,152.8169375,3.357,Blue,bw170815-21
22996,23037,0.24390243902439,25981,26022,115.901057279311,12.1799152625452,3.04982646776238,Lunge-Associated,0.86918599982328,43783.5089034234,0.0201996423603099,65875083.1877795,22.55,152.8169375,3.357,Blue,bw170815-21
23037,23078,0.24390243902439,26022,26063,112.690419797036,10.0713237339899,3.59607403964206,Routine,0.891555948661372,49105.7491187692,0.0138199022033374,77673821.450123,22.55,152.8169375,3.357,Blue,bw170815-21
23871,23919,0.208333333333333,26856,26904,121.728351406757,-4.46683614461771,2.16046734044172,Routine,0.842595849083947,23311.8350472377,0.0302546301679515,46665266.7882767,22.55,152.8169375,3.357,Blue,bw170815-21
23919,23951,0.3125,26904,26936,122.14376983435,4.03802170261192,3.16226766933638,Lunge-Associated,0.83893265538386,76989.2962463988,0.0318634626699056,68303770.0608575,22.55,152.8169375,3.357,Blue,bw170815-21
23951,23987,0.277777777777778,26936,26972,120.768111696746,22.3758601623774,3.90068445884775,Routine,0.886067505112788,69916.219310499,0.0154175007982992,84253289.7959931,22.55,152.8169375,3.357,Blue,bw170815-21
24470,24541,0.140845070422535,27455,27526,78.7790934474401,56.5945368436948,1.20706381152911,Routine,0.817207354371993,5959.27354918201,0.0443466824257732,26072115.8524727,22.55,152.8169375,3.357,Blue,bw170815-21
24541,24623,0.121951219512195,27526,27608,70.8635748012784,61.3101794737926,1.21388995224127,Routine,0.838151572639556,4480.51807437968,0.0327830070659272,26219557.8764757,22.55,152.8169375,3.357,Blue,bw170815-21
26413,26494,0.123456790123457,29398,29479,80.1079860544934,-77.558728287581,2.3822624125031,Routine,0.933459617302985,6707.919387372,0.00649348053538242,51455955.3658476,22.55,152.8169375,3.357,Blue,bw170815-21
26494,26529,0.285714285714286,29479,29514,95.45504792225,-55.4541271902382,3.25851283333142,Routine,0.856579136008404,65274.5487984658,0.0246913067461134,70382628.7276087,22.55,152.8169375,3.357,Blue,bw170815-21
27294,27345,0.196078431372549,30279,30330,131.266493567973,-5.76348454568491,1.57290091563734,Routine,0.807995773467925,15013.5031171697,0.0504936129081784,33974057.1337377,22.55,152.8169375,3.357,Blue,bw170815-21
27345,27398,0.188679245283019,30330,30383,131.812058816913,7.04661863763168,2.40299137327331,Lunge-Associated,0.8720413581856,20519.5246518206,0.0193539299309346,51903692.9763536,22.55,152.8169375,3.357,Blue,bw170815-21
27398,27434,0.277777777777778,30383,30419,129.623175308726,9.26977761801035,3.57839654771486,Routine,0.874598825483913,65683.7471825502,0.0187607858418982,77291994.397481,22.55,152.8169375,3.357,Blue,bw170815-21
28318,28368,0.2,31303,31353,118.266286282389,-7.46944197035595,1.95117418613904,Routine,0.834502576287395,19440.6611446001,0.0342516430253781,42144614.8442866,22.55,152.8169375,3.357,Blue,bw170815-21
28368,28406,0.263157894736842,31353,31391,119.813068779028,-5.31783030763238,2.75592249029588,Lunge-Associated,0.845597432226524,47119.8367686607,0.0294619361532801,59526869.8813908,22.55,152.8169375,3.357,Blue,bw170815-21
28406,28442,0.277777777777778,31391,31427,120.957419643835,-4.14509218025388,3.52217873899947,Lunge-Associated,0.871894495355097,65108.8283490547,0.0195013290440318,76077711.2686189,22.55,152.8169375,3.357,Blue,bw170815-21
29052,29133,0.123456790123457,32037,32118,87.4390897221939,57.8673226953089,1.21286749291467,Routine,0.834843137970933,4613.46427478239,0.0338411876877142,26197473.1467679,22.55,152.8169375,3.357,Blue,bw170815-21
29133,29206,0.136986301369863,32118,32191,80.4087217504084,59.4583776622197,1.24410107070707,Routine,0.825633862917089,5805.00130336858,0.0394542537727215,26872106.4601959,22.55,152.8169375,3.357,Blue,bw170815-21
29401,29462,0.163934426229508,32386,32447,50.3532723094793,47.8398494935193,1.59623280364958,Routine,0.834407916695373,10679.7745895061,0.0343662302308978,34478016.9753813,22.55,152.8169375,3.357,Blue,bw170815-21
30843,30913,0.142857142857143,33828,33898,11.6350066410036,-40.1650072866836,2.39422452975206,Routine,0.911177622524286,10336.7621803881,0.00985708269685848,51714332.5152385,22.55,152.8169375,3.357,Blue,bw170815-21
31258,31318,0.166666666666667,34243,34303,93.4329404573688,-38.1265947460968,2.61594684249445,Routine,0.90136783632217,16081.6140527238,0.011757132019593,56503449.5193965,22.55,152.8169375,3.357,Blue,bw170815-21
31318,31372,0.185185185185185,34303,34357,103.637364908446,-33.4709879231555,2.95092923197966,Routine,0.903733424466701,22167.9518399019,0.011290357383857,63738940.7865339,22.55,152.8169375,3.357,Blue,bw170815-21
31372,31418,0.217391304347826,34357,34403,112.199540984624,-28.6208142528459,3.19005291827534,Lunge-Associated,0.891440445850751,34559.6404833645,0.0139326605841179,68903920.7922499,22.55,152.8169375,3.357,Blue,bw170815-21
31418,31467,0.204081632653061,34403,34452,119.283353167519,-19.0134507912368,3.45752751547351,Routine,0.913644042686902,30027.1227433009,0.00950769601917217,74681269.6110418,22.55,152.8169375,3.357,Blue,bw170815-21
32199,32269,0.142857142857143,35184,35254,126.026078930757,6.96144389877982,1.57093790170598,Routine,0.852740889594761,7866.98248431508,0.0265576493807645,33931656.7849327,22.55,152.8169375,3.357,Blue,bw170815-21
32269,32317,0.208333333333333,35254,35302,124.395750009258,8.72527144012681,2.24814121551905,Routine,0.849578392689408,24054.6406631662,0.0277068155951735,48558988.898424,22.55,152.8169375,3.357,Blue,bw170815-21
32317,32355,0.263157894736842,35302,35340,122.134145736959,11.0966278974316,3.14869839683711,Lunge-Associated,0.863056548794051,53118.203738456,0.0222694091698294,68010678.9738284,22.55,152.8169375,3.357,Blue,bw170815-21
32355,32392,0.27027027027027,35340,35377,119.484119979044,16.4607616430141,3.68341255277685,Routine,0.880787308614086,63513.3651954665,0.0166330746338599,79560299.8708027,22.55,152.8169375,3.357,Blue,bw170815-21
32392,32484,0.108695652173913,35377,35469,114.191372323313,-11.8456666708594,1.97265256278292,Routine,0.923629254681745,4596.4862403697,0.00783668995319763,42608539.5505315,22.55,152.8169375,3.357,Blue,bw170815-21
33289,33349,0.166666666666667,36274,36334,104.813623278034,-42.7432593118314,1.25301618444953,Routine,0.798561637467785,8608.37643664486,0.057267696151491,27064669.5012806,22.55,152.8169375,3.357,Blue,bw170815-21
33414,33471,0.175438596491228,36399,36456,117.067891932329,-21.8812944908555,1.83331341157143,Routine,0.845499487739277,13923.0246526992,0.0295720852274842,39598867.2710113,22.55,152.8169375,3.357,Blue,bw170815-21
33471,33514,0.232558139534884,36456,36499,120.622490821299,-4.97136500073841,2.36431920859273,Routine,0.841676246184058,31617.2025436152,0.031308597485283,51068389.0361744,22.55,152.8169375,3.357,Blue,bw170815-21
35909,35978,0.144927536231884,38894,38963,79.6907541336782,-40.8148345541387,2.42617999176029,Routine,0.911158135501186,10776.9866535092,0.00987613000263372,52404558.2511441,22.55,152.8169375,3.357,Blue,bw170815-21
35978,36015,0.27027027027027,38963,39000,89.4352095246073,-38.1640315711917,2.91391708634545,Lunge-Associated,0.849539400191503,52459.6155765969,0.027749300328117,62939492.6217336,22.55,152.8169375,3.357,Blue,bw170815-21
36640,36707,0.149253731343284,39625,39692,104.494089051811,-6.50934068336828,1.33395498779811,Routine,0.822147678541966,7419.29646084948,0.0409070067924537,28812916.6425741,22.55,152.8169375,3.357,Blue,bw170815-21
36707,36762,0.181818181818182,39692,39747,106.288856245563,-8.42149387022832,1.60517462216157,Routine,0.821486331040745,13203.6400805672,0.0417816249398605,34671156.8292561,22.55,152.8169375,3.357,Blue,bw170815-21
36762,36819,0.175438596491228,39747,39804,107.898732191729,0.680239083048704,2.17630324488879,Routine,0.868909484185897,16129.0516319051,0.0204790170232682,47007316.256937,22.55,152.8169375,3.357,Blue,bw170815-21
36819,36861,0.238095238095238,39804,39846,107.749776034399,8.9077271388144,2.86452621928518,Lunge-Associated,0.863262116314583,39618.4689105303,0.0220596077715019,61872668.8169357,22.55,152.8169375,3.357,Blue,bw170815-21
37385,37447,0.161290322580645,40370,40432,99.7296503392602,-38.1650303149467,1.36461322065654,Routine,0.813853292570592,8876.1771474442,0.0457146860194483,29475122.7258668,22.55,152.8169375,3.357,Blue,bw170815-21
37447,37495,0.208333333333333,40432,40480,106.994963552602,-24.1291753837042,1.94733195172482,Routine,0.829833288093093,20996.312593153,0.0372118759207903,42061624.05306,22.55,152.8169375,3.357,Blue,bw170815-21
37495,37542,0.212765957446809,40480,40527,111.817620653862,-13.570200413068,3.19842458858021,Lunge-Associated,0.89418083488589,32990.3064076955,0.0131958237506237,69084745.6632985,22.55,152.8169375,3.357,Blue,bw170815-21
37542,37580,0.263157894736842,40527,40565,115.671299328617,-7.47477944298765,3.88657448321256,Routine,0.893768162296606,61018.5607448951,0.0136025232895414,83948519.7283938,22.55,152.8169375,3.357,Blue,bw170815-21
38511,38580,0.144927536231884,41496,41565,108.250795914408,2.18333116961014,1.55838884115415,Routine,0.849422646631752,8061.41001756709,0.0278767425968745,33660601.8850825,22.55,152.8169375,3.357,Blue,bw170815-21
38756,38812,0.178571428571429,41741,41797,99.0203787481432,-8.94272803191503,1.70460825602281,Routine,0.830893910196534,13581.0027223542,0.0358852996666434,36818885.2234811,22.55,152.8169375,3.357,Blue,bw170815-21
38812,38865,0.188679245283019,41797,41850,101.477137836702,-17.1503042303733,2.3859097537613,Routine,0.871803379300793,20333.2288818832,0.0195930846656559,51534736.539576,22.55,152.8169375,3.357,Blue,bw170815-21
38865,38904,0.256410256410256,41850,41889,105.934558905696,-23.3995100397705,2.72070910381673,Routine,0.846188175331929,44322.1859103806,0.0288027095683974,58766274.2251603,22.55,152.8169375,3.357,Blue,bw170815-21
38904,38951,0.212765957446809,41889,41936,111.208476952185,-11.1929092771033,3.16858961186981,Lunge-Associated,0.893963108651719,32595.4503426604,0.0134096519916786,68440321.5973795,22.55,152.8169375,3.357,Blue,bw170815-21
38951,39002,0.196078431372549,41936,41987,113.138330492765,-2.24179134516613,3.80484561664258,Routine,0.935706488244215,26469.4766896744,0.00628916139006204,82183207.5242243,22.55,152.8169375,3.357,Blue,bw170815-21
39002,39087,0.117647058823529,41987,42072,113.987820781928,20.3897390663006,2.01576911249811,Routine,0.913833912505415,5836.94373247431,0.0093265635038999,43539840.5046288,22.55,152.8169375,3.357,Blue,bw170815-21
39275,39349,0.135135135135135,42260,42334,101.307557723194,45.5589059789883,1.20651980297037,Routine,0.822092117529692,5499.4314200456,0.040980092155918,26060365.4760363,22.55,152.8169375,3.357,Blue,bw170815-21
39349,39423,0.135135135135135,42334,42408,95.4155438813995,50.0869300912325,1.19887605534513,Routine,0.821750205121294,5454.99425617261,0.0414314318311327,25895263.4559701,22.55,152.8169375,3.357,Blue,bw170815-21
39423,39487,0.15625,42408,42472,88.5280058501198,52.5367087789565,1.22204176274159,Routine,0.80377209985939,7409.80726940014,0.0531382529377661,26395633.8599835,22.55,152.8169375,3.357,Blue,bw170815-21
41597,41657,0.166666666666667,44582,44642,12.1773545441559,-43.2861586820135,2.06225727299116,Routine,0.868821295599169,13783.9597452738,0.0205685637944239,44543966.9597228,22.55,152.8169375,3.357,Blue,bw170815-21
42188,42235,0.212765957446809,45173,45220,95.6164214361486,-17.5424079379315,2.44188454748194,Routine,0.85683363249642,27173.6519754967,0.0244248065503173,52743770.6376608,22.55,152.8169375,3.357,Blue,bw170815-21
42235,42276,0.24390243902439,45220,45261,99.4937010085971,-11.0291879846847,3.14672634290879,Routine,0.874647209158937,44549.9544711053,0.018712371913124,67968083.3645529,22.55,152.8169375,3.357,Blue,bw170815-21
42276,42333,0.175438596491228,45261,45318,102.251131325808,-8.61795674927261,3.37526247206188,Routine,0.933417530758117,19174.2071422305,0.00652609311853377,72904376.1925243,22.55,152.8169375,3.357,Blue,bw170815-21
42522,42615,0.10752688172043,45507,45600,111.439150590929,-20.5804624772624,2.33419597619989,Routine,0.95489744996877,4122.09928963281,0.00424194471335738,50417738.7579574,22.55,152.8169375,3.357,Blue,bw170815-21
42615,42681,0.151515151515152,45600,45666,113.441439970096,-2.33625717953909,2.67203273268889,Routine,0.91871804678581,12470.2119965774,0.00855474400913363,57714883.2587495,22.55,152.8169375,3.357,Blue,bw170815-21
42681,42718,0.27027027027027,45666,45703,112.692480378264,-0.261694909264099,3.1002020723585,Lunge-Associated,0.856812165727022,55659.718318075,0.0244472211427605,66963176.9460577,22.55,152.8169375,3.357,Blue,bw170815-21
42718,42759,0.24390243902439,45703,45744,111.085121319091,21.9196961548524,3.60719726459186,Routine,0.893800813554326,48667.0550702225,0.0135701263655113,77914078.8472668,22.55,152.8169375,3.357,Blue,bw170815-21
43651,43709,0.172413793103448,46636,46694,112.088975409486,-7.39440297467933,1.79220522079301,Routine,0.842704543918741,13253.3170038604,0.0301314391555898,38710946.1004621,22.55,152.8169375,3.357,Blue,bw170815-21
43709,43767,0.172413793103448,46694,46752,112.389404556453,-2.68922447852438,2.28128364290947,Routine,0.877711624395299,16066.0950305894,0.0177105062465491,49274852.6318089,22.55,152.8169375,3.357,Blue,bw170815-21
43767,43816,0.204081632653061,46752,46801,112.393265539555,-1.12121203629621,2.89303123686301,Routine,0.886320588561546,28064.7708188093,0.0151691286657342,62488366.2751541,22.55,152.8169375,3.357,Blue,bw170815-21
43888,43931,0.232558139534884,46873,46916,112.072548363991,-0.860487286615825,3.56476024312384,Routine,0.898808415915094,42983.5282496795,0.0124185127618507,76997455.4429526,22.55,152.8169375,3.357,Blue,bw170815-21
44592,44651,0.169491525423729,47577,47636,117.59224485533,-13.0489479937793,1.47411060281272,Routine,0.818026810358433,10582.5685388927,0.0432373813931861,31840224.2274203,22.55,152.8169375,3.357,Blue,bw170815-21
44651,44704,0.188679245283019,47636,47689,120.661444874173,-6.16003953543246,2.12142907120214,Routine,0.855999285874647,18459.9124149899,0.0253047815156268,45822055.129893,22.55,152.8169375,3.357,Blue,bw170815-21
44704,44747,0.232558139534884,47689,47732,121.385257619619,4.82536820906349,3.08251939153677,Lunge-Associated,0.877765800961487,39515.7745286334,0.0176567818104223,66581237.8152817,22.55,152.8169375,3.357,Blue,bw170815-21
44747,44788,0.24390243902439,47732,47773,119.530542270844,20.6030254424157,3.63158740626067,Routine,0.893958621568654,49089.8575821581,0.0134140762803381,78440896.562431,22.55,152.8169375,3.357,Blue,bw170815-21
45143,45215,0.138888888888889,48128,48200,79.387992460607,64.706160817819,1.20791929360266,Routine,0.818025323461473,5822.83806853134,0.0432393803816219,26090593.9374904,22.55,152.8169375,3.357,Blue,bw170815-21
46632,46658,0.384615384615385,49617,49643,3.19880484656782,-18.8128157705657,1.9843496605476,Routine,0.743369719089474,67299.3356819578,0.112723555117081,42861192.3806018,22.55,152.8169375,3.357,Blue,bw170815-21
46658,46696,0.263157894736842,49643,49681,6.31512496381818,-16.526916627402,2.34907754744927,Routine,0.822081585474677,40602.5556020809,0.0409939542144407,50739174.9951926,22.55,152.8169375,3.357,Blue,bw170815-21
46696,46744,0.208333333333333,49681,49729,10.8449604337993,-19.3383632993406,2.90806195443664,Routine,0.885906201122278,29270.6816794883,0.0155768764915695,62813024.0158488,22.55,152.8169375,3.357,Blue,bw170815-21
47637,47702,0.153846153846154,50622,50687,124.495831673171,-7.21707402242498,1.58834680117734,Routine,0.842390986785667,9334.71047025843,0.03048760841399,34307682.3434378,22.55,152.8169375,3.357,Blue,bw170815-21
47702,47749,0.212765957446809,50687,50734,125.699099890126,3.76781839475119,2.39304630309199,Lunge-Associated,0.856012917234128,26481.8355167857,0.0252902592778029,51688883.2708089,22.55,152.8169375,3.357,Blue,bw170815-21
47749,47796,0.212765957446809,50734,50781,124.308553015779,29.8084120817165,3.34638984366424,Lunge-Associated,0.901409204630355,33545.9449954766,0.0117157186513434,72280738.481445,22.55,152.8169375,3.357,Blue,bw170815-21
48132,48212,0.125,51117,51197,108.288902595624,12.472879806318,1.22494208303057,Routine,0.834720610769664,4773.32089472975,0.0339885368836462,26458279.6669917,22.55,152.8169375,3.357,Blue,bw170815-21
48547,48615,0.147058823529412,51532,51600,91.6185938190858,30.8939590071043,1.26689248730011,Routine,0.81749809478911,6828.62180282197,0.0439513563109101,27364392.3262619,22.55,152.8169375,3.357,Blue,bw170815-21
48615,48676,0.163934426229508,51600,51661,86.0118712772057,31.5031983606231,1.4986834350852,Routine,0.825978920274505,10032.9512169501,0.0390083412261881,32370987.9896277,22.55,152.8169375,3.357,Blue,bw170815-21
48676,48733,0.175438596491228,51661,51718,78.7497236892775,36.5037311450617,2.09272929507085,Routine,0.862941913837317,15677.4148270341,0.0223868913832754,45202150.96154,22.55,152.8169375,3.357,Blue,bw170815-21
51045,51093,0.208333333333333,54030,54078,98.7696294397268,-42.3048832586352,2.58254329721261,Routine,0.868885020953177,26984.8144564943,0.0205038353566408,55781945.7396019,22.55,152.8169375,3.357,Blue,bw170815-21
51093,51136,0.232558139534884,54078,54121,107.536405266665,-30.2265999833402,2.96638262617506,Routine,0.872092445324858,38498.4546003623,0.0193027992292059,64072728.1803138,22.55,152.8169375,3.357,Blue,bw170815-21
51136,51180,0.227272727272727,54121,54165,113.335485731126,-10.1378844900526,3.41775842556889,Lunge-Associated,0.896293362778434,39687.3375824566,0.0130102721454149,73822272.5063012,22.55,152.8169375,3.357,Blue,bw170815-21
51180,51217,0.27027027027027,54165,54202,115.33519999237,11.4908745508873,3.67263506031744,Routine,0.880701756843625,63275.3637284913,0.0167170571215381,79327510.1629868,22.55,152.8169375,3.357,Blue,bw170815-21
52065,52113,0.208333333333333,55050,55098,116.662498948885,-6.75073777182246,1.45444370451388,Routine,0.788238154300546,15488.4682544126,0.0658834336254539,31415426.7593755,22.55,152.8169375,3.357,Blue,bw170815-21
52113,52179,0.151515151515152,55098,55164,117.363638326826,-2.04636785938959,1.93675963946106,Routine,0.872163052147858,10675.7612273651,0.0192322535960694,41833266.1588573,22.55,152.8169375,3.357,Blue,bw170815-21
52179,52239,0.166666666666667,55164,55224,118.142470925094,-0.112402174530691,2.29184025044178,Routine,0.883309906488253,14884.3875564911,0.0161821583201725,49502871.3098296,22.55,152.8169375,3.357,Blue,bw170815-21
52239,52294,0.181818181818182,55224,55279,118.251624093567,0.793089434946237,2.71903058643378,Routine,0.89406033284755,20449.8958073914,0.0133139623419148,58730018.8927985,22.55,152.8169375,3.357,Blue,bw170815-21
52357,52419,0.161290322580645,55342,55404,115.691792588226,12.2048267227659,2.62560759856076,Routine,0.906234941010089,14834.5306445924,0.0107261249543917,56712118.1489896,22.55,152.8169375,3.357,Blue,bw170815-21
52502,52561,0.169491525423729,55487,55546,99.2971463593772,35.4556610559751,2.42513039540839,Routine,0.888675929876478,16063.64202024,0.0147399916071076,52381887.3720874,22.55,152.8169375,3.357,Blue,bw170815-21
52561,52623,0.161290322580645,55546,55608,87.8497244406876,41.9131107241513,2.8323345188328,Routine,0.91864938907887,14959.8409506719,0.00861691569422454,61177340.4211491,22.55,152.8169375,3.357,Blue,bw170815-21
54289,54348,0.169491525423729,57274,57333,10.9088511156764,-29.9901841660205,2.37196140083838,Routine,0.885975509719378,15813.5134091957,0.0155082938898715,51233457.4606375,22.55,152.8169375,3.357,Blue,bw170815-21
54932,54994,0.161290322580645,57917,57979,123.321406489594,-14.2468260146011,2.91938980100292,Routine,0.923588264173017,14966.0748320213,0.0078720919212585,63057701.1615095,22.55,152.8169375,3.357,Blue,bw170815-21
54994,55048,0.185185185185185,57979,58033,126.448944485827,-3.23349989542605,3.05580015626709,Routine,0.908712698114117,22461.7272196014,0.0103021247874097,66004112.5707116,22.55,152.8169375,3.357,Blue,bw170815-21
55200,55244,0.227272727272727,58185,58229,127.715314817981,-0.884903573151366,2.94978205284139,Lunge-Associated,0.874839550069674,36321.6649798127,0.0185205749654767,63714162.1566794,22.55,152.8169375,3.357,Blue,bw170815-21
55244,55296,0.192307692307692,58229,58281,128.487704297098,-5.30733106881965,3.57620011870954,Routine,0.928419048953723,25216.6154956245,0.0072157231196631,77244552.3725096,22.55,152.8169375,3.357,Blue,bw170815-21
56019,56084,0.153846153846154,59004,59069,132.14742998405,-3.22075199228569,1.45743350487396,Routine,0.830511344404859,8600.80996002764,0.0363606474294639,31480005.3016358,22.55,152.8169375,3.357,Blue,bw170815-21
56084,56134,0.2,59069,59119,132.768461172795,-4.38004720632468,1.94796299518797,Routine,0.834421971560117,19399.9345863378,0.0343492027734784,42075254.3500849,22.55,152.8169375,3.357,Blue,bw170815-21
56134,56176,0.238095238095238,59119,59161,133.031854595533,4.29100231020588,2.72210860650333,Lunge-Associated,0.856678576384862,37893.3473391781,0.0245869766258843,58796502.9469829,22.55,152.8169375,3.357,Blue,bw170815-21
56176,56214,0.263157894736842,59161,59199,132.963262802458,15.5275456956881,3.46551867973748,Routine,0.87756602338804,56782.4192764239,0.0178553210490776,74853875.6973949,22.55,152.8169375,3.357,Blue,bw170815-21
57083,57146,0.158730158730159,60068,60131,123.633292652091,-8.88449675571784,1.30138999362312,Routine,0.809290200364101,8191.38024128471,0.0486399590318683,28109525.2454036,22.55,152.8169375,3.357,Blue,bw170815-21
57146,57221,0.133333333333333,60131,60206,127.29938299176,-18.4401422840845,1.51238572542219,Routine,0.85635822927442,6587.89744879157,0.0249239932381586,32666952.210987,22.55,152.8169375,3.357,Blue,bw170815-21
57221,57280,0.169491525423729,60206,60265,133.262651845542,-22.4758593421099,1.8935672787535,Routine,0.853409037791335,13406.6557903255,0.0258426319245097,40900327.7163711,22.55,152.8169375,3.357,Blue,bw170815-21
57280,57325,0.222222222222222,60265,60310,138.675558000574,-16.1556408518101,2.4740568330569,Routine,0.853262937253842,30082.261696929,0.0259980020170124,53438679.6795337,22.55,152.8169375,3.357,Blue,bw170815-21
57325,57366,0.24390243902439,60310,60351,141.9157887063,-4.78405333974216,3.38135895125564,Lunge-Associated,0.883538932140835,47137.6467441291,0.0159570487785495,73036057.8072938,22.55,152.8169375,3.357,Blue,bw170815-21
57366,57408,0.238095238095238,60351,60393,141.752415056216,3.05871989226361,4.00142188141579,Routine,0.91122519876099,48026.6455296548,0.00981064880604312,86429179.5267491,22.55,152.8169375,3.357,Blue,bw170815-21
57765,57835,0.142857142857143,60750,60820,114.045026740103,52.0144853964452,1.21245410028916,Routine,0.814031405123216,6192.30689212836,0.0454689636732201,26188544.0244451,22.55,152.8169375,3.357,Blue,bw170815-21
57835,57904,0.144927536231884,60820,60889,106.849790117528,51.354525625025,1.21907063072507,Routine,0.813522195027073,6391.74802893993,0.0461733669224139,26331458.5467915,22.55,152.8169375,3.357,Blue,bw170815-21
57904,57967,0.158730158730159,60889,60952,99.2249585490807,48.7782447251869,1.26189850433824,Routine,0.804773445390717,7933.87370423472,0.051673813051813,27256524.207689,22.55,152.8169375,3.357,Blue,bw170815-21
57967,58030,0.158730158730159,60952,61015,91.6148641234995,46.540355031578,1.32503954835572,Routine,0.813085813814906,8315.79700557473,0.0467816850203256,28620346.5664956,22.55,152.8169375,3.357,Blue,bw170815-21
58231,58294,0.158730158730159,61216,61279,61.8173486919253,38.5967463258149,1.44535651061413,Routine,0.825771191198343,9061.46947409016,0.0392764462877603,31219146.8528244,22.55,152.8169375,3.357,Blue,bw170815-21
60346,60390,0.227272727272727,63331,63375,3.05302014668893,-2.54111596966752,2.76761551173183,Routine,0.8659721972784,34621.5456584954,0.0213740926849995,59779434.6643226,22.55,152.8169375,3.357,Blue,bw170815-21
61194,61264,0.142857142857143,64179,64249,133.129118316957,-19.119055808804,2.58626572737354,Routine,0.923591371155271,10401.6654676877,0.00786940599350928,55862348.8048596,22.55,152.8169375,3.357,Blue,bw170815-21
61264,61322,0.172413793103448,64249,64307,139.529517663785,-9.76202537610334,2.67148225353815,Routine,0.899036693149944,17759.8955916072,0.0121910757919328,57702993.120005,22.55,152.8169375,3.357,Blue,bw170815-21
61474,61532,0.172413793103448,64459,64517,143.514189936293,6.49348450679715,2.54212332088821,Routine,0.891556628129351,17346.645644293,0.0138192402168149,54908889.7375758,22.55,152.8169375,3.357,Blue,bw170815-21
61532,61578,0.217391304347826,64517,64563,142.947230555809,5.39986925878159,2.91635121579418,Routine,0.880323855153998,32390.691015201,0.0170906760541205,62992068.8852095,22.55,152.8169375,3.357,Blue,bw170815-21
61578,61621,0.232558139534884,64563,64606,142.535840776124,2.54109489820566,3.81358684489263,Lunge-Associated,0.908601885956657,44128.2453236208,0.0104129609587999,82372014.7052959,22.55,152.8169375,3.357,Blue,bw170815-21
61621,61650,0.344827586206897,64606,64635,142.390997753019,0.889134593471049,4.15815881636538,Routine,0.865615995866874,119418.08916408,0.0217382912493587,89814637.2691948,22.55,152.8169375,3.357,Blue,bw170815-21
62424,62514,0.111111111111111,65409,65499,128.985091233511,0.956325461286922,1.20035614149214,Routine,0.849627643512651,3654.41102143662,0.0276532092016919,25927232.7496627,22.55,152.8169375,3.357,Blue,bw170815-21
62514,62599,0.117647058823529,65499,65584,129.037460146344,-2.22168044188242,1.28689408173706,Routine,0.850171015745185,4407.49714562544,0.0270658787850132,27796419.1026539,22.55,152.8169375,3.357,Blue,bw170815-21
62599,62652,0.188679245283019,65584,65637,128.78064479843,-10.0815243505018,1.59449193366907,Routine,0.813787400130079,14188.2450910052,0.0458057718865823,34440414.8508023,22.55,152.8169375,3.357,Blue,bw170815-21
62652,62717,0.153846153846154,65637,65702,130.027665424003,-15.7000091464545,2.0000662400049,Routine,0.874892283748579,11290.1219109653,0.0184681756867958,43200664.4752016,22.55,152.8169375,3.357,Blue,bw170815-21
62717,62762,0.222222222222222,65702,65747,133.601968875464,-14.5245169149343,2.51749941397292,Routine,0.856307447705072,30450.9896218897,0.0249776617761135,54377022.7826526,22.55,152.8169375,3.357,Blue,bw170815-21
62762,62800,0.263157894736842,65747,65785,136.941467192921,-9.33324720393803,3.26893770028847,Lunge-Associated,0.868957179327904,54531.0917913123,0.0204306773412377,70607801.8596791,22.55,152.8169375,3.357,Blue,bw170815-21
62800,62836,0.277777777777778,65785,65821,139.352114639532,-5.48421926772002,3.86655271189635,Routine,0.883651624712367,69993.3940644515,0.0158468793528342,83516057.1391405,22.55,152.8169375,3.357,Blue,bw170815-21
62836,62922,0.116279069767442,65821,65907,140.923187306566,20.5933968760028,1.95464592635295,Routine,0.911229270260266,5595.87209348197,0.00980667960281189,42219603.1027386,22.55,152.8169375,3.357,Blue,bw170815-21
63178,63248,0.142857142857143,66163,66233,125.192333528461,48.1527714383413,1.23591766605582,Routine,0.817733794196946,6293.87423072124,0.0436322836346958,26695348.0551329,22.55,152.8169375,3.357,Blue,bw170815-21
63462,63532,0.142857142857143,66447,66517,99.7097526762101,54.6467105075652,1.21706800431015,Routine,0.814246531249232,6222.51890713603,0.0451731309439087,26288202.5835189,22.55,152.8169375,3.357,Blue,bw170815-21
63532,63605,0.136986301369863,66517,66590,91.9386891971402,54.8589207510592,1.24478446599391,Routine,0.825662691236731,5809.06637283199,0.0394168906250953,26886867.5365543,22.55,152.8169375,3.357,Blue,bw170815-21
63732,63790,0.172413793103448,66717,66775,68.9819879782761,44.2504783878224,1.49945385160445,Routine,0.81802413605355,11138.7460938211,0.0432409767722169,32387628.6912647,22.55,152.8169375,3.357,Blue,bw170815-21
63790,63866,0.131578947368421,66775,66851,58.4769250534271,48.6279847262302,2.09204924518561,Routine,0.903690805811163,7929.06679509117,0.0113335214322927,45187462.1445743,22.55,152.8169375,3.357,Blue,bw170815-21
65189,65225,0.277777777777778,68174,68210,7.00955049088525,-10.4278827786547,2.83837237744371,Routine,0.841912122621667,54227.4134348056,0.0310362526299051,61307755.8537889,22.55,152.8169375,3.357,Blue,bw170815-21
65225,65271,0.217391304347826,68210,68256,12.3807379905017,-6.55365477033565,3.00155131440402,Routine,0.883424517354369,33202.8897097409,0.0160693040848291,64832358.3714661,22.55,152.8169375,3.357,Blue,bw170815-21
65271,65316,0.222222222222222,68256,68301,16.5694779316846,-4.97872985014589,3.39187942697516,Routine,0.896624225836232,37815.5488766134,0.012682582461295,73263296.0520018,22.55,152.8169375,3.357,Blue,bw170815-21
66260,66311,0.196078431372549,69245,69296,122.190155052831,-26.5891536594192,2.09218425790035,Routine,0.84643774545657,19961.5827678495,0.0285268413845375,45190378.3674837,22.55,152.8169375,3.357,Blue,bw170815-21
66311,66357,0.217391304347826,69296,69342,128.783226577781,-20.5630017595096,2.7325635976058,Lunge-Associated,0.86936610173893,31209.7834892139,0.0200188176668353,59022326.7490524,22.55,152.8169375,3.357,Blue,bw170815-21
66357,66409,0.192307692307692,69342,69394,134.992053659447,-9.3374743203289,3.701921022706,Routine,0.933425620715893,25273.0956482578,0.00651981836559764,79960075.7299045,22.55,152.8169375,3.357,Blue,bw170815-21
66409,66508,0.101010101010101,69394,69493,138.479976476609,14.5924318120126,1.87696880625845,Routine,0.928407673989838,3650.52600398575,0.00722508207459307,40541807.0700461,22.55,152.8169375,3.357,Blue,bw170815-21
67290,67357,0.149253731343284,70275,70342,131.250055577542,-11.5135165487513,1.38453510089201,Routine,0.826737245463849,7713.91374687651,0.0380383237631767,29905427.7060486,22.55,152.8169375,3.357,Blue,bw170815-21
67357,67412,0.181818181818182,70342,70397,135.09395050043,-5.64455356183876,1.87300414152548,Routine,0.842289134498345,15365.0307680678,0.0306038260544911,40456171.8308425,22.55,152.8169375,3.357,Blue,bw170815-21
67412,67458,0.217391304347826,70397,70443,136.737073524379,1.3897575723592,2.85463781306551,Lunge-Associated,0.875211519774097,32265.2403221908,0.0181526638352213,61659083.0312521,22.55,152.8169375,3.357,Blue,bw170815-21
67458,67495,0.27027027027027,70443,70480,137.243122318985,5.40584916027898,3.68193220502622,Routine,0.880775585691753,63480.6587248348,0.0166445694427281,79528324.926572,22.55,152.8169375,3.357,Blue,bw170815-21
68308,68377,0.144927536231884,71293,71362,63.1461169367209,37.1207322857366,1.36960747267877,Routine,0.830388740809083,7167.80393950285,0.0365137359454524,29582996.6560406,22.55,152.8169375,3.357,Blue,bw170815-21
71033,71086,0.188679245283019,74018,74071,120.976692669028,-39.5867060560549,2.44999228282015,Routine,0.874854156663262,20794.5462189828,0.0185060530175815,52918894.614554,22.55,152.8169375,3.357,Blue,bw170815-21
71086,71141,0.181818181818182,74071,74126,129.588230396276,-20.1523636445938,2.60374573012203,Lunge-Associated,0.888698116516437,19851.4280219411,0.0147181947357984,56239910.1669078,22.55,152.8169375,3.357,Blue,bw170815-21
71141,71190,0.204081632653061,74126,74175,134.009996547945,-6.28987407919741,3.05131801647423,Routine,0.894055342698968,28911.5352408892,0.0133188656321281,65907300.0684807,22.55,152.8169375,3.357,Blue,bw170815-21
71641,71700,0.169491525423729,74626,74685,135.395276334039,0.161953670228213,1.51255500907108,Routine,0.822067029849894,10844.2070254082,0.0410131162650584,32670608.6729433,22.55,152.8169375,3.357,Blue,bw170815-21
71700,71750,0.2,74685,74735,136.02546641976,-0.250498177738293,2.20029983372609,Routine,0.852759931449615,21599.3541164553,0.0265371128003132,47525633.3817274,22.55,152.8169375,3.357,Blue,bw170815-21
71750,71801,0.196078431372549,74735,74786,136.600383732729,-1.79978005028468,2.83222055434162,Routine,0.888918675454647,25174.5823905842,0.0145023895902627,61174878.8318042,22.55,152.8169375,3.357,Blue,bw170815-21
71801,71847,0.217391304347826,74786,74832,136.687413618985,-0.736695202007339,3.2696304035913,Lunge-Associated,0.896296585337659,34738.9487340587,0.0130070612690734,70622763.9856167,22.55,152.8169375,3.357,Blue,bw170815-21
71847,71894,0.212765957446809,74832,74879,136.937533145317,-3.05859106832833,3.74415956877792,Routine,0.918683430598501,34434.8901657561,0.00858606472408,80872412.1417071,22.55,152.8169375,3.357,Blue,bw170815-21
72800,72860,0.166666666666667,75785,75845,134.89574308946,-5.46493488948045,2.09044148010024,Routine,0.869291680194271,14025.2172468755,0.0200934290402956,45152735.0347322,22.55,152.8169375,3.357,Blue,bw170815-21
72860,72913,0.188679245283019,75845,75898,137.981203985385,-4.99918083051507,2.51259031648936,Routine,0.877908312573818,21229.4291822373,0.0175158725143654,54270988.157888,22.55,152.8169375,3.357,Blue,bw170815-21
72913,72969,0.178571428571429,75898,75954,140.29286021058,-3.37876648015081,3.20697722395006,Routine,0.921291765649012,20501.1341380258,0.00813483529290471,69269479.3104155,22.55,152.8169375,3.357,Blue,bw170815-21
73034,73072,0.263157894736842,76019,76057,141.41520052491,3.56739873871984,3.12418728235411,Lunge-Associated,0.862762731475484,52590.5561260881,0.0225712227347072,67481248.2922272,22.55,152.8169375,3.357,Blue,bw170815-21
73072,73112,0.25,76057,76097,139.239059517336,19.4528062466029,3.61244092668591,Routine,0.888928287322797,52203.8683517992,0.0144930212062805,78027339.9394322,22.55,152.8169375,3.357,Blue,bw170815-21
73112,73148,0.277777777777778,76097,76133,133.552547702641,42.9320324272445,3.7208713456751,Routine,0.878087067178461,68253.3351416479,0.0173399731023358,80369395.4453769,22.55,152.8169375,3.357,Blue,bw170815-21
73702,73772,0.142857142857143,76687,76757,72.0119991002761,50.9990208993274,1.22544244473026,Routine,0.817259202163931,6225.71233197649,0.04427604268579,26469087.2879956,22.55,152.8169375,3.357,Blue,bw170815-21
76108,76146,0.263157894736842,79093,79131,103.777425131958,-41.683626890897,1.8962210362641,Routine,0.79301335751703,32303.6393961458,0.0620073364625903,40957647.8618348,22.55,152.8169375,3.357,Blue,bw170815-21
76383,76440,0.175438596491228,79368,79425,142.943640938741,-36.8098731743235,1.6806371139848,Routine,0.831070681624847,12936.8377642158,0.0356668524882834,36301117.7398058,22.55,152.8169375,3.357,Blue,bw170815-21
76522,76577,0.181818181818182,79507,79562,166.385811842696,-20.5134607309854,2.62825834343894,Routine,0.888938277556254,20091.5200929326,0.0144832872553303,56769373.2227473,22.55,152.8169375,3.357,Blue,bw170815-21
76577,76631,0.185185185185185,79562,79616,174.063956309891,-11.4861369058116,2.97276894279403,Lunge-Associated,0.903873856138961,22379.3458652717,0.0111486537195563,64210670.1724189,22.55,152.8169375,3.357,Blue,bw170815-21
76631,76680,0.204081632653061,79616,79665,179.495636726038,-6.06813524921743,3.08618155052107,Routine,0.89641807669506,28942.3427076015,0.0128862862194589,66660339.0462166,22.55,152.8169375,3.357,Blue,bw170815-21
77185,77248,0.158730158730159,80170,80233,178.451348736931,8.07956109547525,1.38727100870581,Routine,0.81829645183714,8746.54824355236,0.0428757044119947,29964522.2665861,22.55,152.8169375,3.357,Blue,bw170815-21
77248,77301,0.188679245283019,80233,80286,177.796166483338,15.1962426042042,1.86313304519823,Routine,0.835091469457403,16576.1477663256,0.033543664608597,40242959.9322032,22.55,152.8169375,3.357,Blue,bw170815-21
77301,77351,0.2,80286,80336,175.386105731014,15.9741351550717,2.3071805728975,Routine,0.85936430436788,22487.8511592184,0.0239641320067188,49834216.3973551,22.55,152.8169375,3.357,Blue,bw170815-21
77351,77395,0.227272727272727,80336,80380,174.126990840613,9.59168309838524,2.81382314687871,Lunge-Associated,0.868841783184012,34978.0812000272,0.0205477414120455,60777501.8794204,22.55,152.8169375,3.357,Blue,bw170815-21
77395,77439,0.227272727272727,80380,80424,174.449439728856,9.1746189011633,3.29909937498392,Routine,0.891174109493908,38944.3497391637,0.0141943911212098,71259282.4769036,22.55,152.8169375,3.357,Blue,bw170815-21
78099,78179,0.125,81084,81164,136.103679361566,26.5328086099503,1.19317535799432,Routine,0.830891795524999,4658.03320849094,0.0358879174651297,25772130.5773677,22.55,152.8169375,3.357,Blue,bw170815-21
78259,78325,0.151515151515152,81244,81310,133.001518674468,20.0482282241567,1.33272144151649,Routine,0.818648717738466,7669.79462652342,0.0424056850872633,28786272.5155142,22.55,152.8169375,3.357,Blue,bw170815-21
78325,78384,0.169491525423729,81310,81369,131.66690951001,16.2525007459046,1.61750512289944,Routine,0.830880664968034,11608.9644249472,0.0359016980089889,34937490.9208644,22.55,152.8169375,3.357,Blue,bw170815-21
78384,78431,0.212765957446809,81369,81416,130.641511673897,16.1807738791841,2.16002142675278,Lunge-Associated,0.839085131171829,24399.4021343322,0.0316857149373922,46655635.2234436,22.55,152.8169375,3.357,Blue,bw170815-21
78431,78470,0.256410256410256,81416,81455,129.815951750276,23.6317687356484,2.62932364823639,Routine,0.842076559385435,42843.9553094253,0.0308472120403924,56792383.3982093,22.55,152.8169375,3.357,Blue,bw170815-21
78806,78876,0.142857142857143,81791,81861,103.844734563893,56.1171683539578,1.20803953350887,Routine,0.813824211892413,6163.42754660136,0.0457548733778425,26093191.0733957,22.55,152.8169375,3.357,Blue,bw170815-21
78876,78945,0.144927536231884,81861,81930,97.7283383062814,56.5505237845409,1.2214238063643,Routine,0.813632253877178,6407.56676906154,0.0460206239663109,26382286.2389991,22.55,152.8169375,3.357,Blue,bw170815-21
78945,79018,0.136986301369863,81930,82003,89.7415352774181,57.7462319834556,1.28361262612438,Routine,0.829959101839288,5987.80720034748,0.0370530848360836,27725540.9186828,22.55,152.8169375,3.357,Blue,bw170815-21
79106,79171,0.153846153846154,82091,82156,66.4951918470617,55.6748172288729,1.68987875733455,Routine,0.85269314662514,9811.59575129632,0.0266091811473343,36500733.6953009,22.55,152.8169375,3.357,Blue,bw170815-21
80014,80053,0.256410256410256,82999,83038,5.23540121658711,2.25600932744076,3.02906274634289,Routine,0.862575837345493,48341.7591515118,0.0227643966761044,65426594.7605671,22.55,152.8169375,3.357,Blue,bw170815-21
80861,80942,0.123456790123457,83846,83927,11.3075207591077,-3.63273613114685,1.65125921433131,Routine,0.8780418011638,5980.63976820225,0.0173844272033337,35666566.3631907,22.55,152.8169375,3.357,Blue,bw170815-21
81179,81233,0.185185185185185,84164,84218,13.3973084279805,8.55351140330903,2.19774762720219,Routine,0.862749783291914,18318.3730134007,0.0225845760388875,47470506.6986679,22.55,152.8169375,3.357,Blue,bw170815-21
81277,81330,0.188679245283019,84262,84315,12.2400767947818,10.868612710695,2.42252452094671,Routine,0.872309688459764,20733.1541791075,0.019086194084863,52325601.4821343,22.55,152.8169375,3.357,Blue,bw170815-21
81796,81860,0.15625,84781,84845,2.45757357133221,4.37895505160024,2.35339087036233,Routine,0.896328424556328,12922.3955934636,0.0129753578022796,50832341.1175006,22.55,152.8169375,3.357,Blue,bw170815-21
81860,81923,0.158730158730159,84845,84908,2.88716723733467,-0.421900670136633,2.91498639611189,Routine,0.926039874290562,14245.5048853664,0.00752708382786427,62962589.3029915,22.55,152.8169375,3.357,Blue,bw170815-21
82669,82725,0.178571428571429,85654,85710,131.236481990882,-2.57263573556189,2.84050355244986,Routine,0.903699533916651,19831.3955408806,0.0113246755931074,61353788.4173796,22.55,152.8169375,3.357,Blue,bw170815-21
82725,82768,0.232558139534884,85710,85753,132.996524624014,4.98940522426962,3.15878134349193,Lunge-Associated,0.880688864911346,40289.2485144639,0.0167297317581827,68228466.7583746,22.55,152.8169375,3.357,Blue,bw170815-21
82768,82822,0.185185185185185,85753,85807,133.100709524876,8.68017285239393,3.80315687514354,Routine,0.945397557141294,21816.4278785916,0.00519050276559036,82146731.3548724,22.55,152.8169375,3.357,Blue,bw170815-21
83577,83643,0.151515151515152,86562,86628,130.966996101416,8.27475422182808,1.3617860898847,Routine,0.822447917557393,7817.4651869889,0.040513314778303,29414057.7843869,22.55,152.8169375,3.357,Blue,bw170815-21
83643,83696,0.188679245283019,86628,86681,131.427836351696,7.1728221596628,1.72345937883549,Routine,0.82593526058343,15280.1666419388,0.0390646051506602,37226062.2535826,22.55,152.8169375,3.357,Blue,bw170815-21
83696,83750,0.185185185185185,86681,86735,131.714505929276,9.55551968051028,2.18023807440304,Routine,0.860160075845715,18322.0826634034,0.0231377744351687,47092307.0668474,22.55,152.8169375,3.357,Blue,bw170815-21
83750,83800,0.2,86735,86785,132.184885363172,9.82547225894122,2.71872500095656,Routine,0.880712241789384,25652.4813629516,0.016706752606445,58723418.3635733,22.55,152.8169375,3.357,Blue,bw170815-21
83800,83836,0.277777777777778,86785,86821,132.315424729646,8.82935446604454,3.56011126244258,Lunge-Associated,0.872250473719305,66006.9876190968,0.0191451028536746,76897039.2414562,22.55,152.8169375,3.357,Blue,bw170815-21
83836,83874,0.263157894736842,86821,86859,132.225712646955,3.89804562118725,4.04524855307874,Routine,0.898868632125455,62508.1742599709,0.0123583270502666,87375818.8428405,22.55,152.8169375,3.357,Blue,bw170815-21
84707,84759,0.192307692307692,87692,87744,132.18589336566,8.44556375443892,1.52063484865816,Routine,0.80444523166328,14011.4354393497,0.0521514414216853,32845130.1123003,22.55,152.8169375,3.357,Blue,bw170815-21
84759,84821,0.161290322580645,87744,87806,131.903405554181,10.4639991492145,2.16899385098349,Routine,0.880395433233302,13269.825970211,0.0170195772517002,46849436.1491165,22.55,152.8169375,3.357,Blue,bw170815-21
84821,84864,0.232558139534884,87806,87849,131.909208526932,6.00100276405251,2.96051787867391,Lunge-Associated,0.872026656853844,38401.1366679436,0.0193686574686796,63946051.8813186,22.55,152.8169375,3.357,Blue,bw170815-21
84864,84906,0.238095238095238,87849,87891,132.510598950708,4.45387135404531,3.7722714435757,Routine,0.901555518746271,47454.3006056206,0.0115697845777641,81479617.8665059,22.55,152.8169375,3.357,Blue,bw170815-21
85277,85346,0.144927536231884,88262,88331,114.330600541735,46.0860698544895,1.33745427131818,Routine,0.826468962148445,7015.88732502304,0.0383799392628936,28888499.825886,22.55,152.8169375,3.357,Blue,bw170815-21
85346,85414,0.147058823529412,88331,88399,108.42912968993,48.3546159022202,1.39877167634263,Routine,0.830714272618293,7550.6818720496,0.0361080626466522,30212932.2811556,22.55,152.8169375,3.357,Blue,bw170815-21
85414,85480,0.151515151515152,88399,88465,101.339286591727,48.9890885627155,1.45604381315446,Routine,0.831227878773153,8366.91850572477,0.0354732281876934,31449988.4929436,22.55,152.8169375,3.357,Blue,bw170815-21
85480,85549,0.144927536231884,88465,88534,93.1990318950187,47.5165433038323,1.48389385220753,Routine,0.842006342701748,7721.4661186505,0.0309278526175168,32051538.6659768,22.55,152.8169375,3.357,Blue,bw170815-21
85635,85699,0.15625,88620,88684,73.4188162602604,43.9440029761494,1.76915241699697,Routine,0.856285255765625,10577.8400558915,0.0250011363839959,38213014.3709595,22.55,152.8169375,3.357,Blue,bw170815-21
85699,85770,0.140845070422535,88684,88755,62.6965517206731,47.1156284665281,2.17710449147618,Routine,0.89898606382312,9651.806178496,0.0122413488474192,47024622.8762335,22.55,152.8169375,3.357,Blue,bw170815-21
87925,87998,0.136986301369863,90910,90983,17.3587809085141,-50.5073828403731,2.29686876057511,Routine,0.911185403025792,9119.34077681051,0.00984948233396685,49611485.2020773,22.55,152.8169375,3.357,Blue,bw170815-21
88772,88833,0.163934426229508,91757,91818,128.088642896775,4.97032900482037,2.23699762890466,Routine,0.880823762754536,14196.3594452395,0.0165973563788062,48318291.6971266,22.55,152.8169375,3.357,Blue,bw170815-21
88833,88893,0.166666666666667,91818,91878,126.179607493743,4.62542956107744,2.31037381924465,Routine,0.883536248448302,15038.7715629161,0.0159596771762621,49903189.2949875,22.55,152.8169375,3.357,Blue,bw170815-21
88893,88948,0.181818181818182,91878,91933,125.155132330862,3.46448631435908,2.48123842670584,Routine,0.880826165502225,19369.7645270876,0.0165950035448125,53593799.3507823,22.55,152.8169375,3.357,Blue,bw170815-21
89122,89177,0.181818181818182,92107,92162,124.503131470128,-3.54479014969534,2.60973311478002,Lunge-Associated,0.888757180653981,19909.9914594485,0.014660247028965,56369235.3815032,22.55,152.8169375,3.357,Blue,bw170815-21
89177,89226,0.204081632653061,92162,92211,124.623280558258,-3.65260379130645,2.96182608133129,Routine,0.891168852101552,28190.0411126734,0.0141995817864304,63974308.5574911,22.55,152.8169375,3.357,Blue,bw170815-21
89643,89708,0.153846153846154,92628,92693,122.246858694828,0.986954950995557,1.36897983006745,Routine,0.821911993807496,8080.05910406617,0.0412175233603295,29569439.816112,22.55,152.8169375,3.357,Blue,bw170815-21
89708,89763,0.181818181818182,92693,92748,122.063121653409,0.0921444292252569,1.63142118525128,Routine,0.82235884518731,13479.8626669083,0.0406298929708925,35238072.5358395,22.55,152.8169375,3.357,Blue,bw170815-21
89763,89811,0.208333333333333,92748,92796,121.753161748209,2.15045985783189,2.37703748497347,Routine,0.856596833108539,25320.1707553233,0.0246727207004075,51343098.9330955,22.55,152.8169375,3.357,Blue,bw170815-21
89811,89848,0.27027027027027,92796,92833,120.838808619628,3.09656693052753,3.29208506942513,Routine,0.865981719762037,58243.2249666142,0.021364403438107,71107776.1643073,22.55,152.8169375,3.357,Blue,bw170815-21
89848,89889,0.24390243902439,92833,92874,120.102150315919,0.352403912356856,3.48742815928435,Routine,0.888658247411894,47826.2599204221,0.0147573750094455,75327112.0611706,22.55,152.8169375,3.357,Blue,bw170815-21
89889,89939,0.2,92874,92924,120.233246669148,-2.31244276129688,3.27808293625435,Routine,0.908593201345355,28050.3708554994,0.0104216695803856,70805335.4526204,22.55,152.8169375,3.357,Blue,bw170815-21
90018,90073,0.181818181818182,93003,93058,119.690564389716,1.41750246835828,3.18476580325837,Routine,0.91860855695396,21359.457235807,0.00865398647911321,68789721.1335979,22.55,152.8169375,3.357,Blue,bw170815-21
90738,90811,0.136986301369863,93723,93796,108.664733533274,-9.44111019155627,1.4252911658065,Routine,0.842747968000905,6655.23494807586,0.030082305370927,30785743.0928511,22.55,152.8169375,3.357,Blue,bw170815-21
90811,90866,0.181818181818182,93796,93851,111.698071676027,-7.20719932843081,1.81891860498667,Routine,0.838390877873179,14943.7753556538,0.0324996765234465,39287944.9640319,22.55,152.8169375,3.357,Blue,bw170815-21
90866,90919,0.188679245283019,93851,93904,114.196694632283,-3.502988266023,2.18492805765968,Routine,0.859514744988044,18973.6551153043,0.0238066386867002,47193608.9082622,22.55,152.8169375,3.357,Blue,bw170815-21
90919,90985,0.151515151515152,93904,93970,114.710637701062,14.1917560833356,2.21800068039496,Routine,0.891381273327595,11664.4140932438,0.0139906021726887,47907964.8878413,22.55,152.8169375,3.357,Blue,bw170815-21
90985,91048,0.158730158730159,93970,94033,110.276200397838,30.5420010260059,2.34311085645522,Routine,0.891585118873684,13555.995019439,0.0137914965591715,50610296.7558097,22.55,152.8169375,3.357,Blue,bw170815-21
91048,91108,0.166666666666667,94033,94093,101.790474750715,43.8261424126309,2.5992311712071,Routine,0.901238488935192,15949.6238264369,0.0118870538018068,56142397.4240615,22.55,152.8169375,3.357,Blue,bw170815-21
92813,92874,0.163934426229508,95798,95859,8.31780408376218,-32.6389442189233,2.42793180695964,Routine,0.893833929507816,14804.1411688812,0.0135373066768145,52442396.7882565,22.55,152.8169375,3.357,Blue,bw170815-21
92874,92934,0.166666666666667,95859,95919,16.6250951269056,-40.0484823386413,2.57957362450218,Routine,0.899013346724633,16019.6099849104,0.0122142458960072,55717801.9468623,22.55,152.8169375,3.357,Blue,bw170815-21
93810,93866,0.178571428571429,96795,96851,112.184935854774,-2.64756026700358,2.4048217168815,Routine,0.880437592738813,18041.4261948444,0.0169777726686824,51943227.6970095,22.55,152.8169375,3.357,Blue,bw170815-21
93866,93918,0.192307692307692,96851,96903,113.797445804507,-4.68097486747946,2.66262398921471,Routine,0.883502684381797,23066.9002779034,0.0159925685223378,57511658.0045898,22.55,152.8169375,3.357,Blue,bw170815-21
93918,93984,0.151515151515152,96903,96969,115.438270718738,-1.96245271047147,2.87406307063351,Routine,0.930987776003214,12395.9177293936,0.00683358035608242,62078661.1520935,22.55,152.8169375,3.357,Blue,bw170815-21
94057,94135,0.128205128205128,97042,97120,116.421177837065,-3.95655133107535,2.68800905663177,Routine,0.947824057893894,7247.94225278475,0.00488406061450613,58059965.7347187,22.55,152.8169375,3.357,Blue,bw170815-21
94237,94280,0.232558139534884,97222,97265,118.508378187619,-0.529434498292118,2.91504062569681,Lunge-Associated,0.869269760655323,38071.9158854049,0.0201154337053946,62963760.6412482,22.55,152.8169375,3.357,Blue,bw170815-21
94280,94322,0.238095238095238,97265,97307,118.583057861426,-0.899756874569776,3.38053008118972,Routine,0.88636259128802,44656.0696817663,0.0151281069467099,73018154.5314446,22.55,152.8169375,3.357,Blue,bw170815-21
95136,95210,0.135135135135135,98121,98195,120.71890267885,2.5764421206053,1.71632260000069,Routine,0.87194955093789,7512.22456537833,0.0194460009241768,37071910.5651491,22.55,152.8169375,3.357,Blue,bw170815-21
95210,95289,0.126582278481013,98195,98274,119.702455769731,5.47269439548305,1.95616134922213,Routine,0.898980916837557,7004.32460077094,0.012246465038748,42252335.656091,22.55,152.8169375,3.357,Blue,bw170815-21
95289,95337,0.208333333333333,98274,98322,118.735843213845,-1.68045734867871,2.36305465512163,Routine,0.856357402353543,25130.1823083115,0.0249248666335113,51041075.1657019,22.55,152.8169375,3.357,Blue,bw170815-21
95337,95377,0.25,98322,98362,119.971749602629,-8.01495456881125,3.05977118873144,Lunge-Associated,0.866154267758486,46379.288493727,0.0211892572047201,66089885.3504732,22.55,152.8169375,3.357,Blue,bw170815-21
95377,95402,0.4,98362,98387,122.229132959625,-6.43923809997907,3.58421630616282,Lunge-Associated,0.822285615482679,143282.961684372,0.0407258745940552,77417698.9501645,22.55,152.8169375,3.357,Blue,bw170815-21
95428,95525,0.103092783505155,98413,98510,126.004497452929,1.34486057300534,1.78858315228281,Routine,0.916174051865671,3918.3701626828,0.00896265248814838,38632710.8084074,22.55,152.8169375,3.357,Blue,bw170815-21
96384,96441,0.175438596491228,99369,99426,119.087398166818,-30.6618643864623,1.89447844014497,Routine,0.849608656418142,14377.4003118158,0.0276738681231691,40920008.4533229,22.55,152.8169375,3.357,Blue,bw170815-21
96441,96491,0.2,99426,99476,124.924207489834,-21.3187612645929,2.49473996665081,Lunge-Associated,0.869101302839135,24065.3478658885,0.0202849897911286,53885427.4405897,22.55,152.8169375,3.357,Blue,bw170815-21
96491,96528,0.27027027027027,99476,99513,128.964684740431,-12.967898419136,3.43392852169896,Lunge-Associated,0.871962009602821,60126.5251887671,0.0194334924869076,74171540.3872717,22.55,152.8169375,3.357,Blue,bw170815-21
96528,96559,0.32258064516129,99513,99544,130.774884424583,-1.81086036583027,3.62885850351922,Routine,0.856020719586656,92312.8488729316,0.0252819491822759,78381953.3087725,22.55,152.8169375,3.357,Blue,bw170815-21
96858,96937,0.126582278481013,99843,99922,111.319691426235,46.3046207742988,1.4835755377273,Routine,0.859984786109543,5817.93513551754,0.0233183806434056,32044663.1951635,22.55,152.8169375,3.357,Blue,bw170815-21
96937,97008,0.140845070422535,99922,99993,104.974194839105,48.7328810571523,1.49610314874545,Routine,0.846236986438525,7356.0266697334,0.0287486322769517,32315254.7933046,22.55,152.8169375,3.357,Blue,bw170815-21
97008,97079,0.140845070422535,99993,100064,98.2377260562389,49.9670572485023,1.47818602678373,Routine,0.845694991693215,7243.91410828079,0.0293524608886212,31928251.823729,22.55,152.8169375,3.357,Blue,bw170815-21
97079,97150,0.140845070422535,100064,100135,90.5574400272632,50.8700396952728,1.48732248181522,Routine,0.845972798355792,7301.0278845573,0.0290420375686759,32125595.7518517,22.55,152.8169375,3.357,Blue,bw170815-21
97150,97217,0.149253731343284,100135,100202,82.3919644638055,51.0192350791607,1.53762695364638,Routine,0.842291728373266,8500.18000891137,0.0306008631454957,33212153.0696609,22.55,152.8169375,3.357,Blue,bw170815-21
97217,97284,0.149253731343284,100202,100269,73.7409751892431,50.9476262764079,1.65839858940145,Routine,0.853179734789893,9091.33923414554,0.0260867278782854,35820774.1293129,22.55,152.8169375,3.357,Blue,bw170815-21
97284,97364,0.125,100269,100349,63.0620038872288,49.3126535116878,1.56505713882431,Routine,0.869230615685683,5903.50319298863,0.0201547637813505,33804634.5598546,22.55,152.8169375,3.357,Blue,bw170815-21
98072,98112,0.25,101057,101097,2.28948654725348,-0.666251898130725,1.71472673752694,Routine,0.784088123363884,26323.8018964438,0.0683317208454131,37037440.5471576,22.55,152.8169375,3.357,Blue,bw170815-21
98182,98232,0.2,101167,101217,2.30329734101625,1.50316279443141,1.69628690558249,Routine,0.813992992389882,16976.9542015842,0.0455218970173267,36639147.2422272,22.55,152.8169375,3.357,Blue,bw170815-21
98334,98377,0.232558139534884,101319,101362,2.07589048310904,-2.57197340385428,1.55760932389101,Routine,0.782389481351408,20535.1172811611,0.0711180887145233,33643764.6108642,22.55,152.8169375,3.357,Blue,bw170815-21
98779,98830,0.196078431372549,101764,101815,2.42668344625666,-2.93918781735745,1.49389564575632,Routine,0.79941208182391,14261.369694228,0.0559833596327693,32267573.5745258,22.55,152.8169375,3.357,Blue,bw170815-21
98830,98878,0.208333333333333,101815,101863,2.73493917974156,-1.383990868452,1.61069215793797,Routine,0.803057496593351,17304.1685911074,0.0541965459101872,34790333.488028,22.55,152.8169375,3.357,Blue,bw170815-21
99024,99075,0.196078431372549,102009,102060,2.43115904344924,-0.0616330217289202,1.80186573415486,Routine,0.826249394405885,17281.4249876212,0.0386607945102241,38919609.4877318,22.55,152.8169375,3.357,Blue,bw170815-21
99075,99125,0.2,102060,102110,2.99378213324753,0.785068028331829,1.98457278106167,Routine,0.838002437286038,19684.9227436245,0.0329602977675419,42866011.6982189,22.55,152.8169375,3.357,Blue,bw170815-21
99125,99198,0.136986301369863,102110,102183,2.32507752499673,1.62114018883108,2.06244813499315,Routine,0.896319759910831,8703.59159541659,0.0129839818488495,44548089.5058386,22.55,152.8169375,3.357,Blue,bw170815-21
99259,99294,0.285714285714286,102244,102279,2.41879598767552,-10.4678156084888,2.66926602353442,Routine,0.827102786246482,54603.8316361262,0.0375756106502032,57655123.4010547,22.55,152.8169375,3.357,Blue,bw170815-21
99390,99457,0.149253731343284,102375,102442,12.5769493486924,-61.9324939234719,2.21081319266961,Routine,0.893837199384418,11174.4459131173,0.0135340681463363,47752717.9068006,22.55,152.8169375,3.357,Blue,bw170815-21
99457,99533,0.131578947368421,102442,102518,24.4021490481366,-69.7332607359578,1.83328530024766,Routine,0.883678410585924,7448.32743806387,0.0158207510128778,39598260.0771885,22.55,152.8169375,3.357,Blue,bw170815-21
100182,100254,0.138888888888889,103167,103239,115.011256708882,-53.9200983512311,1.79392952075226,Routine,0.874683910849212,8238.23794102701,0.0186756920904988,38748190.3189306,22.55,152.8169375,3.357,Blue,bw170815-21
100254,100313,0.169491525423729,103239,103298,123.666314450162,-48.1206332406513,1.91096991598154,Routine,0.856112461858207,13428.6975323944,0.0251843557351092,41276218.0128198,22.55,152.8169375,3.357,Blue,bw170815-21
100313,100380,0.149253731343284,103298,103365,130.212595074321,-32.921821558376,1.99657288386835,Routine,0.878045981077719,10569.5078002739,0.0173803197367465,43125209.3211028,22.55,152.8169375,3.357,Blue,bw170815-21
100380,100430,0.2,103365,103415,132.689239097942,-17.6202321068266,2.35686670661172,Lunge-Associated,0.86019641009233,23108.2353518676,0.0231004383495879,50907417.8487492,22.55,152.8169375,3.357,Blue,bw170815-21
100430,100463,0.303030303030303,103415,103448,132.53005868233,-16.1403607256625,2.96936603708642,Lunge-Associated,0.834717483454374,68000.6853819988,0.0339923025094014,64137168.7129298,22.55,152.8169375,3.357,Blue,bw170815-21
100463,100498,0.285714285714286,103448,103483,132.659467783531,-22.6383763207394,3.10477540279673,Routine,0.849883991782757,62602.1391049362,0.0273751879478628,67061959.1312895,22.55,152.8169375,3.357,Blue,bw170815-21
101426,101487,0.163934426229508,104411,104472,127.608822688437,-14.8643431319738,1.91552104380737,Routine,0.859866434916429,12588.5073535914,0.0234407746151346,41374520.6301305,22.55,152.8169375,3.357,Blue,bw170815-21
101487,101536,0.204081632653061,104472,104521,127.753233833785,-15.3108832621227,2.48486771373145,Lunge-Associated,0.865967276249761,25063.4442554059,0.0213791008523026,53672190.560004,22.55,152.8169375,3.357,Blue,bw170815-21
101536,101570,0.294117647058824,104521,104555,127.417673029267,-9.4691450040322,3.24309579251956,Lunge-Associated,0.852856288600745,68892.6341645193,0.026433335241897,70049626.5529848,22.55,152.8169375,3.357,Blue,bw170815-21
102475,102528,0.188679245283019,105460,105513,122.411545591588,-15.7187027280323,1.90042387721306,Routine,0.838712894761815,16845.2449260068,0.0321206554285874,41048427.6160484,22.55,152.8169375,3.357,Blue,bw170815-21
102528,102575,0.212765957446809,105513,105560,123.749922728653,-15.7252312425061,2.46392059106731,Lunge-Associated,0.859515789564636,27208.1984327591,0.0238055472153096,53219740.736176,22.55,152.8169375,3.357,Blue,bw170815-21
102575,102612,0.27027027027027,105560,105597,125.269047717394,-12.6449575923998,3.02927438994953,Lunge-Associated,0.853544829728102,54584.4241692341,0.0256987143441956,65431166.1813811,22.55,152.8169375,3.357,Blue,bw170815-21
102612,102657,0.222222222222222,105597,105642,126.400595964918,-8.69673430525636,3.08941833893408,Routine,0.883617100816372,35779.8280974224,0.0158805885104968,66730252.4357888,22.55,152.8169375,3.357,Blue,bw170815-21
103532,103601,0.144927536231884,106517,106586,129.02068701058,4.36905362543766,1.70994777655545,Routine,0.862528648413395,8715.22281369221,0.0228133181932978,36934216.8211929,22.55,152.8169375,3.357,Blue,bw170815-21
103723,103780,0.175438596491228,106708,106765,124.669671451071,1.24737033974693,2.2231424246667,Routine,0.871873601317189,16389.866928982,0.019522348969712,48019024.594094,22.55,152.8169375,3.357,Blue,bw170815-21
103780,103843,0.158730158730159,106765,106828,123.854630975532,1.51795926250695,2.6871673607416,Routine,0.911350209556301,14365.1218802675,0.00968910520202509,58041785.4259799,22.55,152.8169375,3.357,Blue,bw170815-21
103892,103924,0.3125,106877,106909,123.951716958392,-17.9258612126941,3.85513792014337,Routine,0.868716511427068,90513.1905202522,0.0206752427723052,83269502.0107596,22.55,152.8169375,3.357,Blue,bw170815-21
103924,103968,0.227272727272727,106909,106953,125.252720159162,-20.6969745409752,3.63881859958694,Routine,0.903823906503852,41228.7853816807,0.0111989634275379,78597087.5677064,22.55,152.8169375,3.357,Blue,bw170815-21
104457,104531,0.135135135135135,107442,107516,103.718322301606,42.8646416872574,2.19074949248383,Routine,0.906160414846993,8678.40431859951,0.010802399237493,47319349.6700291,22.55,152.8169375,3.357,Blue,bw170815-21
104531,104602,0.140845070422535,107516,107587,95.3546162590868,46.2112253239126,2.08728312558417,Routine,0.893848694668899,9396.11985474006,0.0135226860451042,45084515.7872825,22.55,152.8169375,3.357,Blue,bw170815-21
104763,104827,0.15625,107748,107812,65.8700016473211,45.5521796946818,2.46258479044807,Routine,0.90145060413825,13321.3261782817,0.011674341344889,53190887.9546015,22.55,152.8169375,3.357,Blue,bw170815-21
104827,104905,0.128205128205128,107812,107890,54.6743096618099,46.9220996221702,1.89684392252539,Routine,0.893810140908045,7071.70466958937,0.0135608785538867,40971101.9664248,22.55,152.8169375,3.357,Blue,bw170815-21
105263,105315,0.192307692307692,108248,108300,3.89898698125272,-8.69740101321108,1.86296900131569,Routine,0.834157395349209,17128.4882495824,0.0346705436810922,40239416.6471924,22.55,152.8169375,3.357,Blue,bw170815-21
105315,105358,0.232558139534884,108300,108343,4.16345765167579,3.57839209927026,1.96108494187475,Routine,0.813664995053935,26494.4368883196,0.0459752375790998,42358683.3709536,22.55,152.8169375,3.357,Blue,bw170815-21
105358,105407,0.204081632653061,108343,108392,2.74128486349142,2.02838484441908,2.00822200090685,Routine,0.834922551934737,20883.2178565433,0.033745880231968,43376825.7858712,22.55,152.8169375,3.357,Blue,bw170815-21
105437,105485,0.208333333333333,108422,108470,3.05365012770509,-3.11647195470503,1.87370239690698,Routine,0.822483441237334,20339.6266811136,0.0404668727813386,40471253.8795522,22.55,152.8169375,3.357,Blue,bw170815-21
105485,105525,0.25,108470,108510,3.03989993775975,4.27736869779008,1.92072259683041,Routine,0.799942125063373,29881.3346932413,0.0551905291888583,41486872.1824959,22.55,152.8169375,3.357,Blue,bw170815-21
105525,105574,0.204081632653061,108510,108559,2.650848290016,1.71839559338248,1.86049079267647,Routine,0.825832467984164,19287.6669891042,0.039197252581677,40185888.2900904,22.55,152.8169375,3.357,Blue,bw170815-21
105648,105700,0.192307692307692,108633,108685,2.46808372401854,-2.11699227486414,1.61124905630854,Routine,0.813296718412011,14858.0699447923,0.0464871449164366,34802362.2794612,22.55,152.8169375,3.357,Blue,bw170815-21
105758,105784,0.384615384615385,108743,108769,2.39976391002792,-1.01199395292955,1.56251424216308,Routine,0.706091707506228,47836.6596531014,0.164114667015757,33749708.966262,22.55,152.8169375,3.357,Blue,bw170815-21
105784,105837,0.188679245283019,108769,108822,2.72956417392888,-0.675546377408644,1.57732022331243,Routine,0.813168621637079,13992.6810858713,0.0466659192184457,34069512.4862981,22.55,152.8169375,3.357,Blue,bw170815-21
105941,105992,0.196078431372549,108926,108977,2.61886116571368,-5.09201257382339,1.42007549964694,Routine,0.793354231990773,13451.5746266233,0.0614748283773218,30673086.7021442,22.55,152.8169375,3.357,Blue,bw170815-21
105992,106048,0.178571428571429,108977,109033,3.31837272964562,1.36494939864002,1.51592040687238,Routine,0.814044605662415,12097.957173873,0.0454507808024266,32743299.9760269,22.55,152.8169375,3.357,Blue,bw170815-21
106048,106078,0.333333333333333,109033,109063,3.16915538460155,8.0833262662757,1.39897127466352,Routine,0.709648491146074,32723.126769752,0.156418064272468,30217243.5284122,22.55,152.8169375,3.357,Blue,bw170815-21
106078,106122,0.227272727272727,109063,109107,2.46173618746906,-3.09131175547149,1.43170509255177,Routine,0.772085505568781,17892.7203569426,0.0797947225233056,30924281.4531058,22.55,152.8169375,3.357,Blue,bw170815-21
106208,106256,0.208333333333333,109193,109241,2.410223990762,-5.1435261067097,1.54225268197431,Routine,0.794807356275939,16601.8901288672,0.0592310506840613,33312067.0292343,22.55,152.8169375,3.357,Blue,bw170815-21
106607,106672,0.153846153846154,109592,109657,7.87496207091932,-43.0435352589602,3.04843227854715,Routine,0.938267947997734,12840.3008089586,0.00593203967527247,65844969.2349026,22.55,152.8169375,3.357,Blue,bw170815-21
106672,106749,0.12987012987013,109657,109734,19.0563772652272,-59.2363551596457,2.14407337729552,Routine,0.908721301343983,7752.20508700104,0.0102935416094908,46311163.4655307,22.55,152.8169375,3.357,Blue,bw170815-21
107004,107052,0.208333333333333,109989,110037,77.8837559409873,-46.2610525265291,3.10817240335654,Routine,0.894005120061969,30671.2710259162,0.0133682628709314,67135333.0418486,22.55,152.8169375,3.357,Blue,bw170815-21
107052,107101,0.204081632653061,110037,110086,90.354893861448,-49.7705981603684,3.76184518123313,Routine,0.926096305426107,30424.9018414231,0.00747971301226682,81254414.5946427,22.55,152.8169375,3.357,Blue,bw170815-21
107101,107154,0.188679245283019,110086,110139,103.741176367979,-25.2198211315209,3.74746339478244,Routine,0.938299850588079,23759.6978470462,0.00590863576559758,80943773.5175708,22.55,152.8169375,3.357,Blue,bw170815-21
107154,107178,0.416666666666667,110139,110163,111.863185744048,-1.46995360508906,2.98485712318265,Routine,0.789998930820219,128162.874413414,0.0630739602799427,64471770.2373263,22.55,152.8169375,3.357,Blue,bw170815-21
